<?xml version="1.0" encoding="UTF-8"?>
<!--
  Licensed to the Apache Software Foundation (ASF) under one or more
  contributor license agreements.  See the NOTICE file distributed with
  this work for additional information regarding copyright ownership.
  The ASF licenses this file to You under the Apache License, Version 2.0
  (the "License"); you may not use this file except in compliance with
  the License.  You may obtain a copy of the License at

     http://www.apache.org/licenses/LICENSE-2.0

  Unless required by applicable law or agreed to in writing, software
  distributed under the License is distributed on an "AS IS" BASIS,
  WITHOUT WARRANTIES OR CONDITIONS OF ANY KIND, either express or implied.
  See the License for the specific language governing permissions and
  limitations under the License.
-->
<project xmlns="http://maven.apache.org/DECORATION/1.1.0" xmlns:xsi="http://www.w3.org/2001/XMLSchema-instance"
  xsi:schemaLocation="http://maven.apache.org/DECORATION/1.1.0 http://maven.apache.org/xsd/decoration-1.1.0.xsd"
  name="${project.name}">

  <bannerLeft>
    <name>Apache Oltu OAuth reference implementation</name>
    <src>images/oltu_head.png</src>
    <href>${project.url}/index.html</href>
  </bannerLeft>

  <bannerRight>
    <name>The Apache Software Foundation</name>
    <src>images/asf_logo_url.png</src>
    <href>https://www.apache.org/</href>
  </bannerRight>

  <skin>
    <groupId>org.apache.maven.skins</groupId>
    <artifactId>maven-fluido-skin</artifactId>
    <version>1.3.0</version>
  </skin>

  <version position="none" />

  <body>
    <head>
      <link rel="meta" title="DOAP" href="./doap_org.apache.oltu.parent.rdf" type="application/rdf+xml" />
    </head>

    <menu name="${project.name}">
      <item href="./index.html" name="Overview" />
      <item href="#" name="Documentation" >
       		<item href="https://cwiki.apache.org/confluence/display/OLTU/Documentation" name="Wiki" />
      	 <item href="./books.html" name="Books" />
      </item>
      <item href="#" name="APIs Documentation">
        <item href="./apidocs/commons/index.html" name="Commons" />
        <item href="./apidocs/jose/index.html" name="JOSE" />
        <item href="./apidocs/oauth2/index.html" name="OAuth2" />
        <item href="./apidocs/openid-connect/index.html" name="OpenID Connect" />
      </item>
      <item href="./download.html" name="Download" />
    </menu>

    <menu name="Committers guide">
      <item href="./release-howto.html" name="HowTo Release" />
    </menu>

    <menu name="Miscellaneous">
      <item name="Commercial support" href="./commercial-support.html" />
      <item name="Project stats" href="./stats.html" />
    </menu>

    <menu ref="reports" />

    <menu ref="modules" />

    <footer>
      <div class="row span12">Apache Oltu, Apache, the Apache feather logo, and the Apache Oltu project logos are trademarks of The Apache Software Foundation.
      All other marks mentioned may be trademarks or registered trademarks of their respective owners.</div>
    </footer>
  </body>

</project>
