<?xml version="1.0" encoding="UTF-8"?>
<!--
  Licensed to the Apache Software Foundation (ASF) under one or more
  contributor license agreements.  See the NOTICE file distributed with
  this work for additional information regarding copyright ownership.
  The ASF licenses this file to You under the Apache License, Version 2.0
  (the "License"); you may not use this file except in compliance with
  the License.  You may obtain a copy of the License at

     http://www.apache.org/licenses/LICENSE-2.0

  Unless required by applicable law or agreed to in writing, software
  distributed under the License is distributed on an "AS IS" BASIS,
  WITHOUT WARRANTIES OR CONDITIONS OF ANY KIND, either express or implied.
  See the License for the specific language governing permissions and
  limitations under the License.
-->
<project xmlns="http://maven.apache.org/DECORATION/1.1.0" xmlns:xsi="http://www.w3.org/2001/XMLSchema-instance"
  xsi:schemaLocation="http://maven.apache.org/DECORATION/1.1.0 http://maven.apache.org/xsd/decoration-1.1.0.xsd"
  name="${project.name}">

  <bannerLeft>
    <name>Apache Oltu OAuth reference implementation</name>
    <src>images/oltu_head.png</src>
    <href>${project.url}/index.html</href>
  </bannerLeft>

  <bannerRight>
    <name>The Apache Software Foundation</name>
    <src>https://www.apache.org/img/asf_logo.png</src>
    <href>https://www.apache.org/</href>
  </bannerRight>

  <skin>
    <groupId>org.apache.maven.skins</groupId>
    <artifactId>maven-fluido-skin</artifactId>
    <version>1.3.0</version>
  </skin>

  <version position="left" />

  <body>
    <menu name="ASF" inherit="bottom">
      <item name="How Apache Works" href="https://www.apache.org/foundation/how-it-works.html" />
      <item name="Foundation" href="https://www.apache.org/foundation/" />
      <item name="Sponsoring Apache" href="https://www.apache.org/foundation/sponsorship.html" />
      <item name="Thanks" href="https://www.apache.org/foundation/thanks.html" />
      <item name="Apache Incubator" href="https://incubator.apache.org/" />
    </menu>

    <footer>
      <div class="row span12">Apache Oltu, Apache, the Apache feather logo, and the Apache Oltu project logos are trademarks of The Apache Software Foundation.
      All other marks mentioned may be trademarks or registered trademarks of their respective owners.</div>
    </footer>
  </body>

</project>
