<?xml version="1.0" encoding="UTF-8"?>
<!--
   Licensed to the Apache Software Foundation (ASF) under one or more
   contributor license agreements.  See the NOTICE file distributed with
   this work for additional information regarding copyright ownership.
   The ASF licenses this file to You under the Apache License, Version 2.0
   (the "License"); you may not use this file except in compliance with
   the License.  You may obtain a copy of the License at

       http://www.apache.org/licenses/LICENSE-2.0

   Unless required by applicable law or agreed to in writing, software
   distributed under the License is distributed on an "AS IS" BASIS,
   WITHOUT WARRANTIES OR CONDITIONS OF ANY KIND, either express or implied.
   See the License for the specific language governing permissions and
   limitations under the License.
-->
<document xmlns="http://maven.apache.org/XDOC/2.0" xmlns:xsi="http://www.w3.org/2001/XMLSchema-instance"
  xsi:schemaLocation="http://maven.apache.org/XDOC/2.0 http://maven.apache.org/xsd/xdoc-2.0.xsd">

  <properties>
    <title>Books</title>
    <author email="dev@oltu.apache.org">Apache Oltu Documentation Team</author>
  </properties>

  <body>
    <section name="Books">
      <p>This page lists the known books about OAuth 2. If you happen to know a book which is not listed then please contact us,.</p>
      <p>The Apache Oltu PMC does not endorse or recommend any of the books on this page. We love all our supporters equally.</p>

 	 <subsection name="OAuth 2 in Action">
 		<p>OAuth 2 in Action by <a href="https://twitter.com/zer0n1ne">Justin Richer</a> and <a href="http://intothesymmetry.blogspot.com/">Antonio Sanso </a>  published by <a href="https://www.manning.com/books/oauth-2-in-action">Manning </a></p>
 		<p><img alt="OAuth 2 in Action" src="https://images.manning.com/255/340/resize/book/b/16faa4f-72db-4fdc-be33-c9c3400aae7f/Richer-OAuth2-HI-MEAP.png" style="border:1px solid black;"/></p>
 	 	<p>OAuth 2 in Action teaches you practical use and deployment of this protocol from the perspective of a client, authorization server, and resource server</p>
 	 </subsection>

      <subsection name="Policy for additions">
        <p>The Apache Oltu PMC does not and cannot endorse or recommend any books.</p>
        <p>All submitted information must be factual and informational in nature and not be a marketing statement.
        Statements that promote your products and services over other offerings on the page will not be tolerated and will be removed.
        Such marketing statements can be added to your own pages on your own site.</p>
        <p>When in doubt, email the Apache Oltu PMC list (see <a href="./mail-lists.html">Mailing Lists</a>) and ask. We are be happy to help.</p>
      </subsection>
    </section>
  </body>

</document>
