<?xml version="1.0" encoding="UTF-8"?>
<!--
   Licensed to the Apache Software Foundation (ASF) under one or more
   contributor license agreements.  See the NOTICE file distributed with
   this work for additional information regarding copyright ownership.
   The ASF licenses this file to You under the Apache License, Version 2.0
   (the "License"); you may not use this file except in compliance with
   the License.  You may obtain a copy of the License at

       http://www.apache.org/licenses/LICENSE-2.0

   Unless required by applicable law or agreed to in writing, software
   distributed under the License is distributed on an "AS IS" BASIS,
   WITHOUT WARRANTIES OR CONDITIONS OF ANY KIND, either express or implied.
   See the License for the specific language governing permissions and
   limitations under the License.
-->
<document xmlns="http://maven.apache.org/XDOC/2.0" xmlns:xsi="http://www.w3.org/2001/XMLSchema-instance"
  xsi:schemaLocation="http://maven.apache.org/XDOC/2.0 http://maven.apache.org/xsd/xdoc-2.0.xsd">

  <properties>
    <title>Commercial Support</title>
    <author email="dev@oltu.apache.org">Apache Oltu Documentation Team</author>
  </properties>

  <body>
    <section name="Apache Oltu Commercial Support">
      <p>This page is dedicated to companies offering products and services around or including Apache Oltu.</p>
      <p>The Apache Oltu PMC does not endorse or recommend any of the products or services on this page. We love all our supporters equally.</p>

      <subsection name="Have an Offering?">
        <p>To be listed in the Commercial Support page send a mail to the <a href="./mail-lists.html">Apache Oltu PMC</a> with a description of your offerings and the text you would like to have added.</p>
      </subsection>

      <subsection name="Policy for additions">
        <p>The Apache Oltu PMC does not and cannot endorse or recommend any products or services.</p>
        <p>All submitted information must be factual and informational in nature and not be a marketing statement.
        Statements that promote your products and services over other offerings on the page will not be tolerated and will be removed.
        Such marketing statements can be added to your own pages on your own site.</p>
        <p>When in doubt, email the Apache Oltu PMC list (see <a href="./mail-lists.html">Mailing Lists</a>) and ask. We are be happy to help.</p>
      </subsection>
    </section>
  </body>

</document>
