<?xml version="1.0" encoding="UTF-8"?>
<!--
   Licensed to the Apache Software Foundation (ASF) under one or more
   contributor license agreements.  See the NOTICE file distributed with
   this work for additional information regarding copyright ownership.
   The ASF licenses this file to You under the Apache License, Version 2.0
   (the "License"); you may not use this file except in compliance with
   the License.  You may obtain a copy of the License at

       http://www.apache.org/licenses/LICENSE-2.0

   Unless required by applicable law or agreed to in writing, software
   distributed under the License is distributed on an "AS IS" BASIS,
   WITHOUT WARRANTIES OR CONDITIONS OF ANY KIND, either express or implied.
   See the License for the specific language governing permissions and
   limitations under the License.
-->
<document xmlns="http://maven.apache.org/XDOC/2.0" xmlns:xsi="http://www.w3.org/2001/XMLSchema-instance"
  xsi:schemaLocation="http://maven.apache.org/XDOC/2.0 http://maven.apache.org/xsd/xdoc-2.0.xsd">

  <properties>
    <title>Home</title>
    <author email="dev@oltu.apache.org">Apache Oltu Documentation Team</author>
  </properties>

  <body>
    <section name="Apache Oltu">
      <p><span style="font-weight: bold">Apache Oltu</span> is an OAuth protocol implementation in Java. It also covers others "OAuth family" related implementations such as JWT, JWS and OpenID Connect</p>
    </section>

    <section name="Documentation">
      <p>Looking for documentation? The best place where finding the latest up-to-date documentation is the
      <a href="https://cwiki.apache.org/confluence/display/OLTU/Documentation">Wiki</a>.</p>
      <p> You might also find some useful information about OAuth in one of the <a href="/books.html">referenced books </a></p>
      <p>Please help us on keeping the documentation updated! Every contribution is more than welcome!</p>
      <p>Have a look also to <a href="./apidocs/index.html">APIs documentation</a>.</p>
    </section>

    <section name="Download">
      <p>Looking for distribution packages? Have a look at the latest published <a href="./download.html">release</a>!</p>
    </section>

    <section name="Apache Maven Artifacts">
      <p>Looking for Apache Maven artifacts? Just query the <a href="https://search.maven.org/#search%7Cga%7C1%7Corg.apache.oltu">Search</a> service!</p>
    </section>

  </body>
</document>